accession_number,filing_date,amendment_date,is_amendment,entity_name,jurisdiction_of_incorporation,year_of_incorporation,entity_type,issuer_street1,issuer_street2,issuer_city,issuer_state,issuer_zip,issuer_phone,naics_code,industry_group,total_offering_amount,total_amount_sold,total_remaining,has_non_accredited_investors,total_number_of_investors,minimum_investment,equity_type,debt_type,partnership_interest,securities_other_desc,business_combination,revenue_range,aggregate_net_asset_value_range,rule_506b,rule_506c,rule_504b,section_3c,section_3c1,section_3c7,primary_officer_name,primary_officer_title,related_person_names,broker_dealer_name,broker_dealer_crd,uses_intermediary,offering_sales_commissions,finders_fees,offering_date,termination_date,more_than_one_year
0001234567-13-000000,2013-08-24,,True,Hadestown Broadway LLC,NV,2013,Corporation,868 Broadway,,New York,CA,10413,212-555-3051,711110,Theatrical Production,20222008.19,17756139.08,2465869.11,True,27,500000,False,False,False,,False,$5-25M,,True,False,False,False,False,False,John Doe 0,Managing Member,"John Doe 0, Jane Smith 0",,912311,False,887806.95,355122.78,2013-07-06,,False
0001234567-20-000001,2020-08-25,,False,The Kite Runner Theatrical LP,DE,2018,Limited Partnership,889 Broadway,,New York,MA,10532,212-555-5500,711110,Theatrical Production,2894421.79,2808321.18,86100.61,False,388,50000,False,False,False,,False,$1-5M,,True,False,False,False,False,False,John Doe 1,Managing Member,"John Doe 1, Jane Smith 1",Broadway Capital Partners,622432,False,,,2020-07-17,,True
0001234567-19-000002,2019-08-29,,False,POTUS Broadway Productions,CA,2019,Corporation,107 Broadway,Suite 881,New York,PA,10720,212-555-9242,711110,Theatrical Production,18263089.78,7457439.31,10805650.47,True,143,500000,True,False,True,,False,$5-25M,,True,False,True,False,False,False,John Doe 2,Managing Member,"John Doe 2, Jane Smith 2",Broadway Capital Partners,364905,False,,,2019-05-11,,True
0001234567-16-000003,2016-11-19,,False,MJ the Musical Productions,CT,2015,Corporation,32 Broadway,,New York,CT,10888,212-555-6791,711110,Theatrical Production,72558184.39,29170442.12,43387742.27,True,58,100000,False,True,False,,False,Over $100M,,True,False,False,False,False,False,John Doe 3,Managing Member,"John Doe 3, Jane Smith 3",Broadway Capital Partners,,False,,,2016-10-03,,False
0001234567-10-000004,2010-02-13,,False,Music Man Productions LLC,IL,2009,Corporation,234 Broadway,Suite 704,New York,CT,10901,212-555-2718,711110,Theatrical Production,54730821.85,50166915.21,4563906.64,False,34,1000000,True,False,True,,False,$5-25M,,True,False,False,False,False,False,John Doe 4,Managing Member,"John Doe 4, Jane Smith 4",,415136,False,2508345.76,,2009-12-04,,True
0001234567-22-000005,2022-07-21,,False,Phantom of the Opera LLC,CT,2022,Limited Partnership,51 Broadway,Suite 222,New York,NY,10757,212-555-8901,711110,Theatrical Production,5878666.59,5272813.55,605853.04,False,156,100000,False,False,True,,False,$25-100M,,True,True,False,False,False,False,John Doe 5,Managing Member,"John Doe 5, Jane Smith 5",Broadway Capital Partners,,False,,,2022-05-24,,True
0001234567-14-000006,2014-01-31,,False,Six the Musical LLC,CA,2012,Limited Liability Company,463 Broadway,,New York,IL,10575,212-555-1784,711110,Theatrical Production,2154223.87,1111988.59,1042235.28,False,32,500000,False,True,False,,False,$5-25M,,True,False,False,False,False,False,John Doe 6,Managing Member,"John Doe 6, Jane Smith 6",,,False,,,2013-09-10,,True
0001234567-17-000007,2017-07-24,,True,Aladdin Theatrical Productions,NJ,2016,Limited Liability Company,184 Broadway,,New York,IL,10509,212-555-1263,711110,Theatrical Production,17258585.05,7546543.84,9712041.21,False,77,250000,False,True,True,,False,Over $100M,,False,False,False,False,False,False,John Doe 7,Managing Member,"John Doe 7, Jane Smith 7",Broadway Capital Partners,,False,,,2017-02-24,,False
0001234567-24-000008,2024-04-04,,False,Les Misérables Broadway Productions,CT,2021,Limited Liability Company,631 Broadway,Suite 443,New York,TX,10813,212-555-8310,711110,Theatrical Production,5672043.45,2415350.5,3256692.95,False,352,250000,True,False,False,,False,$5-25M,,True,True,False,False,False,False,John Doe 8,Managing Member,"John Doe 8, Jane Smith 8",,,True,120767.53,,2023-11-22,,True
0001234567-10-000009,2010-07-26,,True,Hamilton Productions LLC,NV,2008,Corporation,243 Broadway,Suite 1886,New York,CT,10018,212-555-5783,711110,Theatrical Production,9472699.67,5731038.05,3741661.62,False,61,500000,True,False,False,,False,$25-100M,,True,False,False,False,False,False,John Doe 9,Managing Member,"John Doe 9, Jane Smith 9",,,False,,,2010-05-18,,False
0001234567-21-000010,2021-10-16,,False,Harry Potter and the Cursed Child LLC,NJ,2018,Limited Partnership,389 Broadway,,New York,NJ,10299,212-555-2254,711110,Theatrical Production,1467301.16,973497.69,493803.47,False,54,100000,True,True,False,,False,$25-100M,,True,False,False,False,False,False,John Doe 10,Managing Member,"John Doe 10, Jane Smith 10",Broadway Capital Partners,,False,48674.88,,2021-05-08,,True
0001234567-13-000011,2013-04-16,,False,Jersey Boys Productions,IL,2010,Corporation,553 Broadway,Suite 361,New York,CT,10975,212-555-8205,711110,Theatrical Production,3382766.59,2941515.31,441251.28,False,16,250000,True,True,False,,False,$5-25M,,False,False,False,False,False,False,John Doe 11,Managing Member,"John Doe 11, Jane Smith 11",,,False,147075.77,,2013-02-06,,False
0001234567-10-000012,2010-03-15,,True,Company Broadway Productions,DE,2010,Corporation,577 Broadway,,New York,NJ,10435,212-555-1460,711110,Theatrical Production,2032924.78,1887183.55,145741.23,True,63,250000,False,True,False,,False,$25-100M,,True,False,False,False,False,False,John Doe 12,Managing Member,"John Doe 12, Jane Smith 12",,,False,94359.18,,2010-01-13,,False
0001234567-11-000013,2011-04-16,,False,Hadestown Broadway LLC,CT,2009,Corporation,842 Broadway,,New York,IL,10373,212-555-8893,711110,Theatrical Production,6867620.66,6253594.5,614026.16,False,53,1000000,False,False,False,,False,Over $100M,,True,False,False,False,False,False,John Doe 13,Managing Member,"John Doe 13, Jane Smith 13",,,False,312679.73,,2011-01-13,,True
0001234567-22-000014,2022-08-02,,False,Ohio State Murders LLC,CT,2019,Corporation,484 Broadway,,New York,CT,10649,212-555-7184,711110,Theatrical Production,7105257.01,5835238.09,1270018.92,False,461,50000,False,False,False,,False,$1-5M,,True,False,False,False,False,False,John Doe 14,Managing Member,"John Doe 14, Jane Smith 14",,271745,False,,,2022-04-17,,False
0001234567-13-000015,2013-02-25,,False,Back to the Future Musical LLC,NY,2013,Corporation,544 Broadway,,New York,NJ,10739,212-555-9375,711110,Theatrical Production,15091911.01,13637594.78,1454316.23,True,12,1000000,True,False,True,,False,$25-100M,,True,True,False,False,False,False,John Doe 15,Managing Member,"John Doe 15, Jane Smith 15",,,False,,,2012-09-18,,False
0001234567-24-000016,2024-12-17,,False,Sweeney Todd Productions,CA,2023,Limited Partnership,960 Broadway,Suite 1867,New York,IL,10564,212-555-3267,711110,Theatrical Production,14415075.97,8217902.55,6197173.42,True,248,25000,True,True,True,,False,Over $100M,,False,True,False,False,False,False,John Doe 16,Managing Member,"John Doe 16, Jane Smith 16",Broadway Capital Partners,,False,,,2024-10-21,,True
0001234567-17-000017,2017-08-19,,True,The Kite Runner Theatrical LP,NJ,2015,Limited Partnership,907 Broadway,Suite 792,New York,NJ,10317,212-555-1099,711110,Theatrical Production,74134133.76,31497104.11,42637029.65,False,174,50000,True,False,False,,False,$5-25M,,False,True,False,False,False,False,John Doe 17,Managing Member,"John Doe 17, Jane Smith 17",,,True,1574855.21,,2017-05-14,,False
0001234567-18-000018,2018-06-30,,False,POTUS Broadway Productions,CA,2016,Limited Liability Company,209 Broadway,Suite 1215,New York,NJ,10267,212-555-1874,711110,Theatrical Production,14429615.07,12576775.75,1852839.32,False,189,250000,True,False,True,,False,$5-25M,,True,False,False,False,False,False,John Doe 18,Managing Member,"John Doe 18, Jane Smith 18",Broadway Capital Partners,,False,,,2018-01-23,,False
0001234567-12-000019,2012-06-06,,False,A Strange Loop LLC,CT,2009,Limited Partnership,976 Broadway,Suite 1648,New York,NY,10919,212-555-2225,711110,Theatrical Production,2596549.56,2307456.49,289093.07,True,20,250000,False,False,False,,False,Over $100M,,True,False,False,False,False,False,John Doe 19,Managing Member,"John Doe 19, Jane Smith 19",,,False,,,2012-04-27,,False
0001234567-23-000020,2023-04-20,,True,Come From Away Productions,DE,2021,Limited Partnership,785 Broadway,,New York,MA,10621,212-555-8869,711110,Theatrical Production,2162675.45,907714.74,1254960.71,False,78,100000,False,False,True,,False,Over $100M,,True,True,False,False,False,False,John Doe 20,Managing Member,"John Doe 20, Jane Smith 20",,,False,45385.74,18154.29,2023-02-11,,True
0001234567-23-000021,2023-12-06,,False,Aladdin Theatrical Productions,CT,2020,Limited Liability Company,424 Broadway,,New York,TX,10913,212-555-8814,711110,Theatrical Production,33862152.38,30715014.32,3147138.06,True,99,100000,True,False,False,,False,$1-5M,,True,False,False,False,False,False,John Doe 21,Managing Member,"John Doe 21, Jane Smith 21",,,False,,,2023-09-13,,False
0001234567-24-000022,2024-07-02,,False,Kimberly Akimbo LLC,NV,2023,Limited Partnership,340 Broadway,,New York,NJ,10327,212-555-5104,711110,Theatrical Production,9255100.97,3879598.83,5375502.14,False,356,50000,False,False,False,,False,Over $100M,,False,False,False,False,False,False,John Doe 22,Managing Member,"John Doe 22, Jane Smith 22",,,False,,,2024-04-12,,False
0001234567-15-000023,2015-02-22,,True,Aladdin Theatrical Productions,NV,2014,Corporation,543 Broadway,Suite 870,New York,NJ,10878,212-555-1308,711110,Theatrical Production,6271805.02,3488044.39,2783760.63,False,186,500000,False,False,True,,False,Over $100M,,False,False,False,False,False,False,John Doe 23,Managing Member,"John Doe 23, Jane Smith 23",,,False,174402.22,,2015-01-07,,False
0001234567-17-000024,2017-03-16,,True,Cabaret Revival LLC,DE,2017,Limited Partnership,945 Broadway,Suite 978,New York,CA,10717,212-555-9677,711110,Theatrical Production,27972836.71,17899740.5,10073096.21,False,174,100000,False,False,True,,False,$1-5M,,False,True,True,False,False,False,John Doe 24,Managing Member,"John Doe 24, Jane Smith 24",,,False,894987.03,,2017-01-23,,True
0001234567-19-000025,2019-05-05,,False,Les Misérables Broadway Productions,NY,2018,Corporation,801 Broadway,,New York,CA,10299,212-555-8521,711110,Theatrical Production,14461487.98,8440016.69,6021471.29,False,133,50000,False,False,True,,False,$25-100M,,False,False,False,False,False,False,John Doe 25,Managing Member,"John Doe 25, Jane Smith 25",,,False,,,2019-01-25,,True
0001234567-23-000026,2023-08-27,,True,Jersey Boys Productions,NY,2020,Corporation,974 Broadway,,New York,CT,10287,212-555-8222,711110,Theatrical Production,29020087.97,24993836.15,4026251.82,False,127,50000,True,False,False,,False,$1-5M,,True,True,False,False,False,False,John Doe 26,Managing Member,"John Doe 26, Jane Smith 26",,,True,1249691.81,,2023-06-20,,False
0001234567-16-000027,2016-09-08,,False,Kinky Boots Broadway LLC,DE,2015,Corporation,393 Broadway,Suite 901,New York,NY,10710,212-555-5690,711110,Theatrical Production,2701368.43,1099603.44,1601764.99,False,137,100000,True,False,True,,False,$25-100M,,False,False,False,False,False,False,John Doe 27,Managing Member,"John Doe 27, Jane Smith 27",Broadway Capital Partners,,False,,,2016-06-27,,True
0001234567-17-000028,2017-06-04,,False,Life of Pi Broadway LLC,DE,2017,Corporation,314 Broadway,,New York,MA,10214,212-555-5495,711110,Theatrical Production,12844020.2,8289819.76,4554200.44,False,88,100000,True,False,True,,False,$25-100M,,True,True,False,False,False,False,John Doe 28,Managing Member,"John Doe 28, Jane Smith 28",Broadway Capital Partners,,False,,,2017-02-02,,False
0001234567-22-000029,2022-06-11,,False,Phantom of the Opera LLC,NY,2020,Limited Partnership,794 Broadway,Suite 1329,New York,TX,10017,212-555-4670,711110,Theatrical Production,8788479.59,7383233.56,1405246.03,False,212,250000,True,False,False,,False,Over $100M,,False,False,False,False,False,False,John Doe 29,Managing Member,"John Doe 29, Jane Smith 29",Broadway Capital Partners,,False,,,2021-12-22,,True
0001234567-13-000030,2013-10-19,,False,Paradise Square Productions,NV,2010,Limited Liability Company,577 Broadway,Suite 1658,New York,TX,10828,212-555-3756,711110,Theatrical Production,3272474.06,2234323.16,1038150.9,False,15,100000,True,False,False,,False,$25-100M,,True,False,False,False,False,False,John Doe 30,Managing Member,"John Doe 30, Jane Smith 30",,,True,,,2013-08-25,,False
0001234567-13-000031,2013-04-14,,True,Spring Awakening Productions,CA,2011,Limited Liability Company,320 Broadway,,New York,MA,10806,212-555-5929,711110,Theatrical Production,26192449.52,22651017.72,3541431.8,True,32,500000,True,False,False,,False,$25-100M,,False,False,False,False,False,False,John Doe 31,Managing Member,"John Doe 31, Jane Smith 31",,,False,,,2013-01-18,,True
0001234567-19-000032,2019-08-01,,False,Into the Woods Musical LLC,NV,2017,Limited Partnership,59 Broadway,Suite 285,New York,PA,10801,212-555-1763,711110,Theatrical Production,9159210.02,4170924.31,4988285.71,False,50,500000,True,False,False,,False,$25-100M,,False,False,False,False,False,False,John Doe 32,Managing Member,"John Doe 32, Jane Smith 32",,298891,False,208546.22,,2019-04-02,,True
0001234567-13-000033,2013-10-07,,False,Into the Woods Musical LLC,DE,2010,Corporation,122 Broadway,,New York,NY,10046,212-555-8125,711110,Theatrical Production,6584764.41,5259358.15,1325406.26,False,21,1000000,False,False,True,,False,$25-100M,,True,False,False,False,False,False,John Doe 33,Managing Member,"John Doe 33, Jane Smith 33",Broadway Capital Partners,376543,False,,,2013-07-14,,False
0001234567-12-000034,2012-04-29,,False,Back to the Future Musical LLC,NY,2009,Limited Partnership,356 Broadway,Suite 130,New York,IL,10157,212-555-3071,711110,Theatrical Production,6900401.83,6253626.59,646775.24,True,84,500000,True,True,False,,False,Over $100M,,True,False,False,False,False,False,John Doe 34,Managing Member,"John Doe 34, Jane Smith 34",,893994,False,,,2012-01-01,,False
0001234567-16-000035,2016-05-15,,False,The Kite Runner Theatrical LP,NY,2016,Limited Liability Company,142 Broadway,Suite 190,New York,CA,10375,212-555-2353,711110,Theatrical Production,8478659.99,4031141.51,4447518.48,True,47,250000,True,False,True,,False,$5-25M,,True,False,False,False,False,False,John Doe 35,Managing Member,"John Doe 35, Jane Smith 35",,,False,,,2016-03-05,,True
0001234567-18-000036,2018-06-26,,True,Sweeney Todd Productions,IL,2016,Limited Liability Company,546 Broadway,,New York,NY,10101,212-555-2187,711110,Theatrical Production,40588085.94,31966580.11,8621505.83,False,143,500000,False,False,True,,False,Over $100M,,True,True,False,False,False,False,John Doe 36,Managing Member,"John Doe 36, Jane Smith 36",,,False,,,2018-02-26,,False
0001234567-15-000037,2015-12-21,,False,Frozen Broadway LLC,DE,2015,Limited Liability Company,908 Broadway,,New York,NY,10785,212-555-1616,711110,Theatrical Production,11174885.25,8826461.08,2348424.17,False,135,250000,True,True,True,,False,Over $100M,,False,False,False,False,False,False,John Doe 37,Managing Member,"John Doe 37, Jane Smith 37",,638499,True,,,2015-10-04,,False
0001234567-23-000038,2023-07-20,,False,Jersey Boys Productions,DE,2020,Limited Liability Company,901 Broadway,Suite 354,New York,CT,10202,212-555-6485,711110,Theatrical Production,2628528.08,1357661.31,1270866.77,False,188,100000,False,False,False,,False,Over $100M,,True,False,False,False,False,False,John Doe 38,Managing Member,"John Doe 38, Jane Smith 38",,545331,False,,27153.23,2023-04-22,,False
0001234567-14-000039,2014-06-09,,False,The Kite Runner Theatrical LP,DE,2012,Corporation,404 Broadway,Suite 1076,New York,MA,10018,212-555-6477,711110,Theatrical Production,8835316.47,5924550.83,2910765.64,False,94,500000,False,False,False,,False,$25-100M,,True,False,False,False,False,False,John Doe 39,Managing Member,"John Doe 39, Jane Smith 39",,358078,True,296227.54,,2014-03-03,,True
0001234567-14-000040,2014-04-11,,False,Some Like It Hot Broadway LLC,DE,2012,Limited Partnership,912 Broadway,Suite 1244,New York,TX,10260,212-555-4885,711110,Theatrical Production,10686150.22,9137115.17,1549035.05,False,43,1000000,False,False,False,,False,Over $100M,,True,True,False,False,False,False,John Doe 40,Managing Member,"John Doe 40, Jane Smith 40",,,True,,182742.3,2014-02-19,,False
0001234567-16-000041,2016-08-15,,False,Harry Potter and the Cursed Child LLC,NY,2013,Corporation,408 Broadway,,New York,PA,10288,212-555-4959,711110,Theatrical Production,769383.0,587808.71,181574.29,False,139,250000,False,False,False,,False,$5-25M,,True,False,False,False,False,False,John Doe 41,Managing Member,"John Doe 41, Jane Smith 41",Broadway Capital Partners,,False,,,2016-02-24,,True
0001234567-24-000042,2024-01-09,,False,Come From Away Productions,IL,2021,Limited Partnership,529 Broadway,,New York,CT,10578,212-555-2410,711110,Theatrical Production,6547452.49,2650366.59,3897085.9,False,494,50000,True,False,False,,False,$5-25M,,True,False,False,False,False,False,John Doe 42,Managing Member,"John Doe 42, Jane Smith 42",,,True,,53007.33,2023-09-25,,False
0001234567-18-000043,2018-02-23,,False,Cabaret Revival LLC,IL,2016,Limited Partnership,547 Broadway,Suite 1319,New York,MA,10193,212-555-6171,711110,Theatrical Production,2260381.78,1923540.47,336841.31,False,126,500000,True,False,True,,False,Over $100M,,True,False,False,False,False,False,John Doe 43,Managing Member,"John Doe 43, Jane Smith 43",Broadway Capital Partners,290965,False,,,2017-10-23,,False
0001234567-22-000044,2022-11-18,,False,Chicago Musical Productions,NJ,2020,Corporation,228 Broadway,,New York,CA,10814,212-555-7316,711110,Theatrical Production,31742853.57,14517883.09,17224970.48,False,320,25000,True,True,True,,False,Over $100M,,True,False,False,False,False,False,John Doe 44,Managing Member,"John Doe 44, Jane Smith 44",Broadway Capital Partners,,False,725894.15,,2022-09-14,,True
0001234567-23-000045,2023-05-18,,True,Anastasia Broadway LLC,NV,2020,Corporation,969 Broadway,Suite 1377,New York,NY,10995,212-555-5672,711110,Theatrical Production,41328068.55,36373882.23,4954186.32,False,186,50000,False,False,False,,False,Over $100M,,False,False,False,False,False,False,John Doe 45,Managing Member,"John Doe 45, Jane Smith 45",,724470,False,,,2022-12-04,,False
0001234567-21-000046,2021-11-13,,False,Waitress Musical Productions,CA,2020,Corporation,493 Broadway,Suite 474,New York,CT,10331,212-555-5266,711110,Theatrical Production,1153424.53,918551.99,234872.54,False,253,25000,True,False,True,,False,Over $100M,,True,False,False,False,False,False,John Doe 46,Managing Member,"John Doe 46, Jane Smith 46",Broadway Capital Partners,963006,False,,,2021-09-30,,True
0001234567-23-000047,2023-01-21,,True,Anastasia Broadway LLC,NV,2020,Limited Partnership,303 Broadway,Suite 972,New York,NY,10914,212-555-8789,711110,Theatrical Production,4134938.61,2645318.26,1489620.35,True,189,250000,False,False,False,,False,Over $100M,,True,False,False,False,False,False,John Doe 47,Managing Member,"John Doe 47, Jane Smith 47",,,False,132265.91,,2022-07-30,,True
0001234567-14-000048,2014-03-20,,False,Jersey Boys Productions,CT,2013,Limited Liability Company,138 Broadway,Suite 1670,New York,IL,10216,212-555-1202,711110,Theatrical Production,21099341.79,10251890.68,10847451.11,False,49,100000,True,False,False,,False,$1-5M,,True,False,False,False,False,False,John Doe 48,Managing Member,"John Doe 48, Jane Smith 48",,,False,,,2013-12-08,,False
0001234567-15-000049,2015-07-20,,False,Hadestown Broadway LLC,NY,2013,Limited Liability Company,273 Broadway,,New York,CT,10123,212-555-7537,711110,Theatrical Production,2723479.52,1134806.22,1588673.3,True,68,50000,False,False,True,,False,$25-100M,,False,True,False,False,False,False,John Doe 49,Managing Member,"John Doe 49, Jane Smith 49",,,False,,,2015-02-02,,True
0001234567-19-000050,2019-02-12,,False,Harry Potter and the Cursed Child LLC,NJ,2017,Corporation,753 Broadway,Suite 1575,New York,PA,10284,212-555-8538,711110,Theatrical Production,1160080.68,549828.95,610251.73,True,75,100000,True,True,False,,False,$5-25M,,True,True,False,False,False,False,John Doe 50,Managing Member,"John Doe 50, Jane Smith 50",Broadway Capital Partners,,True,,,2018-11-12,,False
0001234567-13-000051,2013-04-19,,False,Ohio State Murders LLC,NJ,2013,Corporation,872 Broadway,,New York,MA,10256,212-555-3790,711110,Theatrical Production,1407876.26,1296386.24,111490.02,False,59,500000,True,False,False,,False,$5-25M,,False,False,False,False,False,False,John Doe 51,Managing Member,"John Doe 51, Jane Smith 51",,770098,False,,,2013-01-03,,False
0001234567-19-000052,2019-03-09,,False,Mrs. Doubtfire Broadway LP,CT,2019,Limited Liability Company,97 Broadway,Suite 555,New York,CT,10995,212-555-9913,711110,Theatrical Production,3459795.81,2306276.09,1153519.72,False,76,100000,True,True,False,,False,Over $100M,,False,False,False,False,False,False,John Doe 52,Managing Member,"John Doe 52, Jane Smith 52",Broadway Capital Partners,,True,,,2019-01-06,,False
0001234567-16-000053,2016-03-03,,False,Come From Away Productions,CT,2014,Limited Liability Company,357 Broadway,,New York,NJ,10764,212-555-5796,711110,Theatrical Production,12489567.09,8965866.91,3523700.18,True,39,100000,True,False,False,,False,$25-100M,,True,False,False,False,False,False,John Doe 53,Managing Member,"John Doe 53, Jane Smith 53",,,False,448293.35,179317.34,2015-11-14,,False
0001234567-20-000054,2020-10-17,,False,Book of Mormon LLC,IL,2018,Limited Partnership,61 Broadway,,New York,IL,10090,212-555-4398,711110,Theatrical Production,52169315.88,47805152.96,4364162.92,False,381,50000,False,False,False,,False,$1-5M,,False,True,False,False,False,False,John Doe 54,Managing Member,"John Doe 54, Jane Smith 54",,,False,,,2020-06-10,,False
0001234567-18-000055,2018-01-08,,True,Book of Mormon LLC,CA,2016,Corporation,142 Broadway,Suite 1359,New York,NJ,10719,212-555-3129,711110,Theatrical Production,11697584.81,10944771.27,752813.54,False,94,100000,True,False,True,,False,Over $100M,,True,True,False,False,False,False,John Doe 55,Managing Member,"John Doe 55, Jane Smith 55",,,False,,,2017-09-25,,False
0001234567-17-000056,2017-08-08,,False,Frozen Broadway LLC,NJ,2016,Limited Liability Company,975 Broadway,Suite 1452,New York,TX,10343,212-555-6705,711110,Theatrical Production,1156234.19,843144.12,313090.07,True,138,500000,True,False,False,,False,Over $100M,,False,True,False,False,False,False,John Doe 56,Managing Member,"John Doe 56, Jane Smith 56",Broadway Capital Partners,,False,,,2017-04-28,,False
0001234567-14-000057,2014-04-17,,False,Kinky Boots Broadway LLC,NV,2014,Corporation,9 Broadway,Suite 727,New York,IL,10967,212-555-4199,711110,Theatrical Production,10495274.34,8224034.67,2271239.67,False,12,250000,False,True,False,,False,$1-5M,,True,False,False,False,False,False,John Doe 57,Managing Member,"John Doe 57, Jane Smith 57",,,False,411201.73,,2013-11-20,,True
0001234567-13-000058,2013-05-01,,False,The Kite Runner Theatrical LP,NJ,2010,Corporation,44 Broadway,,New York,IL,10043,212-555-4743,711110,Theatrical Production,1479214.17,865779.56,613434.61,False,76,100000,False,False,False,,False,$1-5M,,True,True,False,False,False,False,John Doe 58,Managing Member,"John Doe 58, Jane Smith 58",Broadway Capital Partners,688671,False,,,2013-02-15,,False
0001234567-19-000059,2019-03-16,,True,Dear Evan Hansen LLC,IL,2018,Limited Partnership,547 Broadway,,New York,CA,10144,212-555-6112,711110,Theatrical Production,32223332.98,13080551.59,19142781.39,False,111,50000,False,False,True,,False,$25-100M,,False,False,False,False,False,False,John Doe 59,Managing Member,"John Doe 59, Jane Smith 59",,769180,False,,,2018-10-03,,False
0001234567-18-000060,2018-03-09,,False,Waitress Musical Productions,CT,2018,Limited Liability Company,557 Broadway,Suite 1173,New York,CT,10255,212-555-6084,711110,Theatrical Production,1142827.22,716293.21,426534.01,False,126,50000,False,False,True,,False,$5-25M,,False,False,False,False,False,False,John Doe 60,Managing Member,"John Doe 60, Jane Smith 60",,299503,False,35814.66,,2018-01-24,,False
0001234567-16-000061,2016-01-17,,False,Dear Evan Hansen LLC,NJ,2015,Limited Liability Company,634 Broadway,,New York,CT,10236,212-555-6754,711110,Theatrical Production,2111580.33,983375.76,1128204.57,False,89,250000,True,False,True,,False,Over $100M,,False,False,False,False,False,False,John Doe 61,Managing Member,"John Doe 61, Jane Smith 61",Broadway Capital Partners,136655,False,,,2015-11-19,,False
0001234567-13-000062,2013-05-08,,False,Six the Musical LLC,IL,2010,Limited Liability Company,80 Broadway,Suite 1927,New York,TX,10240,212-555-8954,711110,Theatrical Production,30772911.21,21349436.78,9423474.43,False,51,100000,True,False,True,,False,Over $100M,,True,False,False,False,False,False,John Doe 62,Managing Member,"John Doe 62, Jane Smith 62",,485846,False,,,2013-01-15,,True
0001234567-23-000063,2023-09-06,,True,Jersey Boys Productions,NJ,2022,Corporation,354 Broadway,,New York,IL,10838,212-555-8908,711110,Theatrical Production,11480255.3,10705003.54,775251.76,True,276,50000,True,False,False,,False,Over $100M,,False,False,False,False,False,False,John Doe 63,Managing Member,"John Doe 63, Jane Smith 63",Broadway Capital Partners,,False,,,2023-04-19,,False
0001234567-24-000064,2024-10-28,,False,Some Like It Hot Broadway LLC,DE,2021,Limited Liability Company,103 Broadway,,New York,NJ,10020,212-555-2713,711110,Theatrical Production,17380709.65,15872625.83,1508083.82,False,260,250000,True,False,False,,False,$5-25M,,False,False,False,False,False,False,John Doe 64,Managing Member,"John Doe 64, Jane Smith 64",,,False,,,2024-05-20,,True
0001234567-23-000065,2023-11-11,,False,Lion King Theatrical LP,DE,2023,Corporation,935 Broadway,,New York,MA,10519,212-555-1275,711110,Theatrical Production,15295776.45,10664407.7,4631368.75,True,226,250000,True,False,False,,False,$25-100M,,True,True,False,False,False,False,John Doe 65,Managing Member,"John Doe 65, Jane Smith 65",Broadway Capital Partners,,False,,213288.15,2023-09-29,,False
0001234567-15-000066,2015-07-18,,True,Mrs. Doubtfire Broadway LP,NJ,2012,Limited Liability Company,224 Broadway,Suite 1167,New York,IL,10095,212-555-8846,711110,Theatrical Production,9407541.59,7539932.38,1867609.21,False,81,500000,True,False,False,,False,$5-25M,,True,True,False,False,False,False,John Doe 66,Managing Member,"John Doe 66, Jane Smith 66",,,False,,,2015-06-03,,True
0001234567-23-000067,2023-05-13,,False,Jersey Boys Productions,NV,2020,Corporation,356 Broadway,,New York,TX,10081,212-555-4861,711110,Theatrical Production,1940484.33,955502.79,984981.54,True,181,100000,True,False,False,,False,$25-100M,,True,True,True,False,False,False,John Doe 67,Managing Member,"John Doe 67, Jane Smith 67",,,False,,,2023-01-20,,True
0001234567-19-000068,2019-06-05,,False,Kimberly Akimbo LLC,DE,2018,Limited Liability Company,422 Broadway,,New York,CA,10635,212-555-8280,711110,Theatrical Production,6817238.68,3390936.18,3426302.5,True,81,100000,True,False,True,,False,Over $100M,,True,False,False,False,False,False,John Doe 68,Managing Member,"John Doe 68, Jane Smith 68",,782583,False,,,2019-02-15,,False
0001234567-10-000069,2010-02-02,,False,Some Like It Hot Broadway LLC,NY,2009,Corporation,625 Broadway,Suite 1206,New York,PA,10453,212-555-5540,711110,Theatrical Production,27322305.32,18714767.59,8607537.73,True,15,250000,True,False,False,,False,$25-100M,,False,False,False,False,False,False,John Doe 69,Managing Member,"John Doe 69, Jane Smith 69",,,True,,374295.35,2009-08-09,,True
0001234567-10-000070,2010-02-17,,False,POTUS Broadway Productions,IL,2007,Limited Liability Company,16 Broadway,Suite 452,New York,IL,10903,212-555-5384,711110,Theatrical Production,19490362.4,19268137.56,222224.84,False,60,100000,False,False,False,,False,$5-25M,,True,False,False,False,False,False,John Doe 70,Managing Member,"John Doe 70, Jane Smith 70",,,False,,,2009-09-20,,True
0001234567-24-000071,2024-01-30,,False,The Kite Runner Theatrical LP,IL,2023,Corporation,432 Broadway,Suite 1535,New York,NJ,10492,212-555-3040,711110,Theatrical Production,11007967.88,6120068.84,4887899.04,True,349,50000,True,False,False,,False,$25-100M,,False,False,False,False,False,False,John Doe 71,Managing Member,"John Doe 71, Jane Smith 71",,,False,306003.44,,2023-09-06,,True
0001234567-18-000072,2018-09-27,,True,Dear Evan Hansen LLC,CT,2017,Corporation,485 Broadway,Suite 1346,New York,CT,10170,212-555-5991,711110,Theatrical Production,32580346.79,21190422.79,11389924.0,False,149,500000,True,False,True,,False,$1-5M,,False,False,False,False,False,False,John Doe 72,Managing Member,"John Doe 72, Jane Smith 72",,,False,,423808.46,2018-06-10,,False
0001234567-22-000073,2022-12-20,,False,Harry Potter and the Cursed Child LLC,NJ,2019,Limited Partnership,551 Broadway,,New York,PA,10965,212-555-4946,711110,Theatrical Production,35821478.72,28597863.11,7223615.61,True,442,50000,True,False,True,,False,$5-25M,,True,False,False,False,False,False,John Doe 73,Managing Member,"John Doe 73, Jane Smith 73",,,True,,,2022-09-25,,False
0001234567-22-000074,2022-08-14,,True,Lion King Theatrical LP,CT,2021,Limited Liability Company,769 Broadway,,New York,IL,10827,212-555-7664,711110,Theatrical Production,19755551.38,16711587.08,3043964.3,True,145,25000,False,False,True,,False,$25-100M,,True,False,False,False,False,False,John Doe 74,Managing Member,"John Doe 74, Jane Smith 74",,743821,False,,,2022-06-07,,False
0001234567-10-000075,2010-11-28,,False,Back to the Future Musical LLC,NY,2010,Corporation,626 Broadway,Suite 1974,New York,NJ,10791,212-555-7158,711110,Theatrical Production,2146889.01,1348065.91,798823.1,True,31,1000000,True,False,False,,False,Over $100M,,True,False,False,False,False,False,John Doe 75,Managing Member,"John Doe 75, Jane Smith 75",,,True,67403.3,,2010-10-18,,True
0001234567-22-000076,2022-01-14,,False,Six the Musical LLC,IL,2021,Corporation,72 Broadway,Suite 1157,New York,CA,10407,212-555-6068,711110,Theatrical Production,41282841.85,17893814.23,23389027.62,False,423,25000,True,False,False,,False,$5-25M,,True,True,False,False,False,False,John Doe 76,Managing Member,"John Doe 76, Jane Smith 76",,,False,,,2021-09-01,,False
0001234567-23-000077,2023-08-03,,False,Mean Girls Musical Productions,NJ,2022,Corporation,751 Broadway,,New York,MA,10926,212-555-7958,711110,Theatrical Production,9111095.49,4626079.18,4485016.31,False,69,250000,True,False,True,,False,$5-25M,,False,True,False,False,False,False,John Doe 77,Managing Member,"John Doe 77, Jane Smith 77",Broadway Capital Partners,243447,True,,,2023-02-18,,True
0001234567-14-000078,2014-08-11,,False,Chicago Musical Productions,CA,2013,Limited Liability Company,729 Broadway,Suite 933,New York,NY,10067,212-555-8889,711110,Theatrical Production,640040.73,420823.97,219216.76,False,85,100000,False,False,False,,False,Over $100M,,False,False,False,False,False,False,John Doe 78,Managing Member,"John Doe 78, Jane Smith 78",,,False,21041.2,,2014-06-17,,True
0001234567-23-000079,2023-02-04,,False,Sweeney Todd Productions,NY,2020,Limited Partnership,278 Broadway,,New York,CA,10341,212-555-3003,711110,Theatrical Production,9681945.37,6523239.65,3158705.72,True,275,50000,True,False,True,,False,$25-100M,,False,False,False,False,False,False,John Doe 79,Managing Member,"John Doe 79, Jane Smith 79",Broadway Capital Partners,,False,,,2022-11-28,,True
0001234567-20-000080,2020-04-07,,False,Cabaret Revival LLC,NJ,2017,Corporation,574 Broadway,Suite 1749,New York,PA,10759,212-555-5524,711110,Theatrical Production,110269679.18,110141978.03,127701.15,True,176,250000,False,False,False,,False,$25-100M,,True,True,False,False,False,False,John Doe 80,Managing Member,"John Doe 80, Jane Smith 80",Broadway Capital Partners,,False,,,2019-11-13,,True
0001234567-14-000081,2014-06-25,,False,Hamilton Productions LLC,NJ,2014,Limited Partnership,718 Broadway,Suite 1447,New York,NJ,10717,212-555-7698,711110,Theatrical Production,25633414.48,17719294.5,7914119.98,True,18,500000,True,False,False,,False,$1-5M,,True,False,False,False,False,False,John Doe 81,Managing Member,"John Doe 81, Jane Smith 81",,,True,885964.73,,2014-05-25,,False
0001234567-13-000082,2013-11-18,,False,Book of Mormon LLC,DE,2010,Corporation,659 Broadway,,New York,MA,10413,212-555-1911,711110,Theatrical Production,7754696.45,4357165.36,3397531.09,False,26,250000,True,False,False,,False,$25-100M,,True,False,False,False,False,False,John Doe 82,Managing Member,"John Doe 82, Jane Smith 82",Broadway Capital Partners,,True,,87143.31,2013-10-01,,False
0001234567-11-000083,2011-09-28,,False,Into the Woods Musical LLC,IL,2010,Limited Partnership,419 Broadway,Suite 758,New York,NY,10152,212-555-3880,711110,Theatrical Production,13229085.59,11322680.05,1906405.54,False,18,500000,False,False,True,,False,$1-5M,,True,False,False,False,False,False,John Doe 83,Managing Member,"John Doe 83, Jane Smith 83",,,False,566134.0,,2011-08-23,,True
0001234567-21-000084,2021-04-09,,False,Mrs. Doubtfire Broadway LP,CT,2019,Corporation,343 Broadway,,New York,MA,10687,212-555-8650,711110,Theatrical Production,10251810.54,9578771.62,673038.92,False,498,25000,False,True,False,,False,$5-25M,,False,False,False,False,False,False,John Doe 84,Managing Member,"John Doe 84, Jane Smith 84",,,False,478938.58,,2020-12-31,,False
0001234567-11-000085,2011-04-19,,True,Dear Evan Hansen LLC,CT,2008,Limited Partnership,998 Broadway,,New York,MA,10921,212-555-9848,711110,Theatrical Production,1264926.87,697777.58,567149.29,False,83,1000000,True,True,False,,False,Over $100M,,False,False,False,False,False,False,John Doe 85,Managing Member,"John Doe 85, Jane Smith 85",Broadway Capital Partners,,False,,13955.55,2011-03-12,,True
0001234567-23-000086,2023-05-21,,False,Lion King Theatrical LP,NV,2023,Corporation,922 Broadway,Suite 1775,New York,PA,10595,212-555-1477,711110,Theatrical Production,4108449.54,2810109.58,1298339.96,False,455,100000,True,True,True,,False,Over $100M,,False,True,False,False,False,False,John Doe 86,Managing Member,"John Doe 86, Jane Smith 86",Broadway Capital Partners,,False,,,2023-03-26,,False
0001234567-16-000087,2016-10-31,,False,Life of Pi Broadway LLC,CT,2015,Corporation,367 Broadway,Suite 847,New York,IL,10578,212-555-6651,711110,Theatrical Production,4294849.7,2831192.72,1463656.98,False,114,100000,False,False,False,,False,$1-5M,,False,False,True,False,False,False,John Doe 87,Managing Member,"John Doe 87, Jane Smith 87",Broadway Capital Partners,,False,,56623.85,2016-08-04,,False
0001234567-17-000088,2017-12-16,,False,Wicked Broadway Productions,CA,2015,Corporation,888 Broadway,,New York,NJ,10444,212-555-5730,711110,Theatrical Production,7737439.02,6685939.85,1051499.17,True,84,500000,True,False,True,,False,Over $100M,,True,False,True,False,False,False,John Doe 88,Managing Member,"John Doe 88, Jane Smith 88",,,False,,,2017-07-03,,True
0001234567-23-000089,2023-09-11,,False,Paradise Square Productions,NY,2023,Corporation,82 Broadway,Suite 1383,New York,TX,10885,212-555-5644,711110,Theatrical Production,3520574.05,2901975.32,618598.73,True,405,50000,True,False,False,,False,$5-25M,,True,False,False,False,False,False,John Doe 89,Managing Member,"John Doe 89, Jane Smith 89",,124333,False,,,2023-05-25,,True
0001234567-16-000090,2016-08-09,,False,Phantom of the Opera LLC,NY,2015,Limited Partnership,820 Broadway,,New York,PA,10777,212-555-4651,711110,Theatrical Production,9011481.04,6559521.4,2451959.64,False,103,100000,True,False,False,,False,$1-5M,,True,True,False,False,False,False,John Doe 90,Managing Member,"John Doe 90, Jane Smith 90",Broadway Capital Partners,542381,False,327976.07,131190.43,2016-05-02,,False
0001234567-23-000091,2023-01-11,,False,A Strange Loop LLC,CA,2022,Corporation,201 Broadway,,New York,IL,10826,212-555-3545,711110,Theatrical Production,3323618.51,2748522.82,575095.69,False,275,100000,True,False,False,,False,$1-5M,,True,False,False,False,False,False,John Doe 91,Managing Member,"John Doe 91, Jane Smith 91",Broadway Capital Partners,,False,,,2022-09-22,,True
0001234567-15-000092,2015-12-13,,False,Funny Girl Broadway LP,IL,2015,Corporation,939 Broadway,Suite 1118,New York,NJ,10978,212-555-2704,711110,Theatrical Production,2129803.04,1492900.2,636902.84,False,151,250000,False,True,False,,False,$25-100M,,True,False,False,False,False,False,John Doe 92,Managing Member,"John Doe 92, Jane Smith 92",Broadway Capital Partners,,True,,,2015-06-28,,False
0001234567-24-000093,2024-06-04,,False,Chicago Musical Productions,NV,2022,Limited Liability Company,116 Broadway,Suite 514,New York,CT,10575,212-555-7422,711110,Theatrical Production,4921818.03,4837516.93,84301.1,False,122,50000,True,False,False,,False,$25-100M,,True,True,False,False,False,False,John Doe 93,Managing Member,"John Doe 93, Jane Smith 93",,,True,,,2024-02-25,,True
0001234567-11-000094,2011-08-19,,False,Come From Away Productions,NY,2009,Corporation,321 Broadway,Suite 204,New York,CA,10051,212-555-7514,711110,Theatrical Production,9707698.73,8709880.29,997818.44,False,98,1000000,True,False,False,,False,$5-25M,,True,False,False,False,False,False,John Doe 94,Managing Member,"John Doe 94, Jane Smith 94",,598654,False,435494.01,174197.61,2011-07-15,,False
0001234567-23-000095,2023-03-12,,False,MJ the Musical Productions,DE,2022,Limited Liability Company,12 Broadway,,New York,PA,10260,212-555-3904,711110,Theatrical Production,2832427.65,1802307.53,1030120.12,False,176,25000,True,True,True,,False,$1-5M,,True,True,False,False,False,False,John Doe 95,Managing Member,"John Doe 95, Jane Smith 95",Broadway Capital Partners,,False,,,2022-11-27,,False
0001234567-24-000096,2024-12-01,,False,Chicago Musical Productions,CA,2023,Corporation,272 Broadway,Suite 1541,New York,TX,10316,212-555-6808,711110,Theatrical Production,29125698.9,23445221.38,5680477.52,False,308,25000,True,False,True,,False,$1-5M,,True,False,False,False,False,False,John Doe 96,Managing Member,"John Doe 96, Jane Smith 96",,564250,False,,,2024-06-10,,True
0001234567-20-000097,2020-11-13,,True,Spring Awakening Productions,CA,2019,Limited Liability Company,964 Broadway,Suite 1514,New York,CA,10986,212-555-4648,711110,Theatrical Production,3244524.6,2224363.79,1020160.81,False,303,250000,False,False,False,,False,$5-25M,,True,True,False,False,False,False,John Doe 97,Managing Member,"John Doe 97, Jane Smith 97",Broadway Capital Partners,481204,True,111218.19,,2020-06-07,,False
0001234567-14-000098,2014-12-25,,True,Into the Woods Musical LLC,NJ,2014,Limited Partnership,806 Broadway,,New York,PA,10616,212-555-7252,711110,Theatrical Production,706739.05,321163.94,385575.11,False,28,100000,True,False,False,,False,$25-100M,,True,False,False,False,False,False,John Doe 98,Managing Member,"John Doe 98, Jane Smith 98",,,True,16058.2,,2014-10-28,,True
0001234567-20-000099,2020-06-29,,False,Cabaret Revival LLC,NY,2019,Limited Liability Company,490 Broadway,Suite 1126,New York,PA,10500,212-555-7284,711110,Theatrical Production,4302946.09,4258698.83,44247.26,False,123,100000,False,False,True,,False,$25-100M,,True,False,False,False,False,False,John Doe 99,Managing Member,"John Doe 99, Jane Smith 99",,395096,False,,,2020-03-17,,False
0001234567-19-000100,2019-12-03,,False,Some Like It Hot Broadway LLC,DE,2018,Limited Liability Company,292 Broadway,,New York,TX,10632,212-555-5995,711110,Theatrical Production,3992943.08,2851325.16,1141617.92,False,82,50000,True,False,True,,False,Over $100M,,True,True,False,False,False,False,John Doe 100,Managing Member,"John Doe 100, Jane Smith 100",,,False,142566.26,,2019-10-02,,False
0001234567-15-000101,2015-05-20,,False,A Strange Loop LLC,IL,2012,Limited Partnership,186 Broadway,Suite 1864,New York,MA,10231,212-555-6006,711110,Theatrical Production,7004431.15,6081395.87,923035.28,True,66,250000,True,False,False,,False,$5-25M,,True,False,False,False,False,False,John Doe 101,Managing Member,"John Doe 101, Jane Smith 101",Broadway Capital Partners,,False,,121627.92,2015-02-20,,True
0001234567-21-000102,2021-10-17,,False,Book of Mormon LLC,DE,2020,Limited Liability Company,691 Broadway,,New York,PA,10191,212-555-8372,711110,Theatrical Production,5786632.73,3772480.23,2014152.5,True,316,100000,False,False,True,,False,$5-25M,,True,True,False,False,False,False,John Doe 102,Managing Member,"John Doe 102, Jane Smith 102",,,True,,,2021-07-27,,False
0001234567-12-000103,2012-01-15,,False,Hamilton Productions LLC,CA,2010,Corporation,536 Broadway,,New York,MA,10224,212-555-8279,711110,Theatrical Production,10032318.71,7066483.38,2965835.33,True,81,100000,False,False,False,,False,$1-5M,,True,False,False,False,False,False,John Doe 103,Managing Member,"John Doe 103, Jane Smith 103",,,False,,,2011-10-15,,False
0001234567-18-000104,2018-11-18,,True,A Strange Loop LLC,IL,2017,Corporation,229 Broadway,,New York,MA,10305,212-555-5302,711110,Theatrical Production,31669316.4,13908627.39,17760689.01,False,122,50000,True,False,False,,False,$25-100M,,True,False,False,False,False,False,John Doe 104,Managing Member,"John Doe 104, Jane Smith 104",,,False,,,2018-08-29,,False
0001234567-10-000105,2010-07-09,,False,Frozen Broadway LLC,CT,2007,Corporation,661 Broadway,,New York,MA,10347,212-555-1322,711110,Theatrical Production,30635035.46,15304842.08,15330193.38,False,63,500000,True,False,False,,False,$25-100M,,True,False,True,False,False,False,John Doe 105,Managing Member,"John Doe 105, Jane Smith 105",,,True,,,2010-01-31,,True
0001234567-21-000106,2021-07-13,,False,Come From Away Productions,CT,2019,Limited Partnership,451 Broadway,,New York,NJ,10265,212-555-9947,711110,Theatrical Production,26049778.45,25626939.12,422839.33,True,90,25000,False,False,False,,False,$25-100M,,False,True,False,False,False,False,John Doe 106,Managing Member,"John Doe 106, Jane Smith 106",,,False,,,2021-03-04,,False
0001234567-23-000107,2023-08-03,,False,Wicked Broadway Productions,CA,2020,Corporation,514 Broadway,Suite 1310,New York,MA,10552,212-555-1795,711110,Theatrical Production,4756428.12,4489029.79,267398.33,False,319,50000,False,False,True,,False,Over $100M,,False,False,False,False,False,False,John Doe 107,Managing Member,"John Doe 107, Jane Smith 107",,,False,,,2023-05-06,,False
0001234567-19-000108,2019-09-24,,False,Life of Pi Broadway LLC,DE,2019,Corporation,458 Broadway,,New York,PA,10457,212-555-3530,711110,Theatrical Production,3290899.65,1660427.21,1630472.44,False,50,100000,True,False,True,,False,$5-25M,,True,True,False,False,False,False,John Doe 108,Managing Member,"John Doe 108, Jane Smith 108",,,False,,,2019-05-29,,False
0001234567-20-000109,2020-09-04,,False,Harry Potter and the Cursed Child LLC,CA,2020,Limited Partnership,876 Broadway,,New York,NY,10745,212-555-6777,711110,Theatrical Production,28064305.83,23784126.57,4280179.26,False,298,250000,False,False,False,,False,$25-100M,,False,False,False,False,False,False,John Doe 109,Managing Member,"John Doe 109, Jane Smith 109",Broadway Capital Partners,,False,1189206.33,,2020-05-05,,False
0001234567-24-000110,2024-10-20,,False,Waitress Musical Productions,CT,2023,Limited Liability Company,539 Broadway,Suite 1664,New York,TX,10669,212-555-3779,711110,Theatrical Production,24448184.44,21181503.63,3266680.81,True,148,50000,True,False,False,,False,$1-5M,,False,False,False,False,False,False,John Doe 110,Managing Member,"John Doe 110, Jane Smith 110",,330037,False,,,2024-07-14,,True
0001234567-13-000111,2013-09-19,,False,Six the Musical LLC,NJ,2011,Limited Partnership,395 Broadway,,New York,CT,10798,212-555-4440,711110,Theatrical Production,6289371.39,4921644.54,1367726.85,False,78,100000,True,False,True,,False,Over $100M,,True,False,False,False,False,False,John Doe 111,Managing Member,"John Doe 111, Jane Smith 111",,,True,,,2013-05-31,,True
0001234567-19-000112,2019-01-03,,False,Funny Girl Broadway LP,NY,2018,Limited Liability Company,700 Broadway,,New York,IL,10226,212-555-7959,711110,Theatrical Production,6097154.79,5247145.53,850009.26,False,34,500000,True,False,False,,False,Over $100M,,False,False,False,False,False,False,John Doe 112,Managing Member,"John Doe 112, Jane Smith 112",Broadway Capital Partners,,False,,104942.91,2018-08-07,,False
0001234567-16-000113,2016-03-01,,False,Hamilton Productions LLC,CA,2013,Limited Partnership,144 Broadway,,New York,CA,10829,212-555-1934,711110,Theatrical Production,14570541.96,13738950.6,831591.36,False,183,500000,True,False,False,,False,$1-5M,,False,False,False,False,False,False,John Doe 113,Managing Member,"John Doe 113, Jane Smith 113",,,False,686947.53,,2015-12-12,,False
0001234567-14-000114,2014-01-11,,False,Frozen Broadway LLC,NV,2011,Corporation,158 Broadway,,New York,CT,10657,212-555-4329,711110,Theatrical Production,2274335.15,1463762.81,810572.34,False,53,1000000,False,True,False,,False,Over $100M,,False,True,False,False,False,False,John Doe 114,Managing Member,"John Doe 114, Jane Smith 114",Broadway Capital Partners,529393,True,,,2013-08-18,,False
0001234567-23-000115,2023-02-07,,False,Come From Away Productions,DE,2021,Limited Partnership,230 Broadway,,New York,CT,10969,212-555-4416,711110,Theatrical Production,22792535.19,20210872.48,2581662.71,True,108,100000,True,False,False,,False,Over $100M,,True,False,False,False,False,False,John Doe 115,Managing Member,"John Doe 115, Jane Smith 115",,,False,,404217.45,2022-08-20,,True
0001234567-20-000116,2020-03-28,,False,Mean Girls Musical Productions,DE,2017,Limited Liability Company,472 Broadway,,New York,MA,10946,212-555-9520,711110,Theatrical Production,37837111.97,25877180.99,11959930.98,False,305,100000,False,False,True,,False,$25-100M,,True,True,False,False,False,False,John Doe 116,Managing Member,"John Doe 116, Jane Smith 116",Broadway Capital Partners,,True,,,2019-11-27,,False
0001234567-16-000117,2016-03-26,,False,Harry Potter and the Cursed Child LLC,NY,2013,Limited Liability Company,254 Broadway,Suite 1570,New York,TX,10278,212-555-8322,711110,Theatrical Production,2544598.03,2458855.02,85743.01,False,56,50000,True,False,False,,False,$25-100M,,False,False,False,False,False,False,John Doe 117,Managing Member,"John Doe 117, Jane Smith 117",,487766,False,,,2015-12-22,,True
0001234567-10-000118,2010-05-30,,False,Lion King Theatrical LP,IL,2007,Limited Partnership,823 Broadway,Suite 299,New York,NJ,10008,212-555-7321,711110,Theatrical Production,6363956.73,3299022.16,3064934.57,True,92,500000,True,False,True,,False,$25-100M,,True,False,False,False,False,False,John Doe 118,Managing Member,"John Doe 118, Jane Smith 118",,,False,,,2010-02-24,,False
0001234567-11-000119,2011-07-31,,False,Company Broadway Productions,NV,2010,Corporation,414 Broadway,Suite 1379,New York,PA,10321,212-555-7234,711110,Theatrical Production,998335.33,501502.51,496832.82,True,98,1000000,True,False,False,,False,Over $100M,,False,False,False,False,False,False,John Doe 119,Managing Member,"John Doe 119, Jane Smith 119",Broadway Capital Partners,,False,,,2011-06-20,,False
0001234567-20-000120,2020-05-09,,False,Paradise Square Productions,NJ,2018,Limited Liability Company,5 Broadway,,New York,CA,10760,212-555-5949,711110,Theatrical Production,3679918.47,3315241.2,364677.27,False,452,50000,False,True,False,,False,$25-100M,,True,False,False,False,False,False,John Doe 120,Managing Member,"John Doe 120, Jane Smith 120",,,True,,,2019-11-14,,True
0001234567-12-000121,2012-01-03,,False,& Juliet Musical Productions,CA,2010,Limited Liability Company,722 Broadway,Suite 1118,New York,NY,10093,212-555-8174,711110,Theatrical Production,7258180.27,5808308.34,1449871.93,False,97,250000,False,False,False,,False,$25-100M,,True,False,False,False,False,False,John Doe 121,Managing Member,"John Doe 121, Jane Smith 121",,,True,,,2011-09-09,,False
0001234567-22-000122,2022-06-27,,False,Les Misérables Broadway Productions,CT,2022,Corporation,384 Broadway,,New York,IL,10907,212-555-1398,711110,Theatrical Production,4178008.42,2526974.92,1651033.5,False,192,50000,False,False,False,,False,Over $100M,,False,False,False,False,False,False,John Doe 122,Managing Member,"John Doe 122, Jane Smith 122",,,False,,,2022-03-20,,False
0001234567-18-000123,2018-02-12,,False,Jersey Boys Productions,CT,2015,Limited Partnership,342 Broadway,Suite 628,New York,TX,10917,212-555-6816,711110,Theatrical Production,3170499.53,2227985.42,942514.11,True,135,250000,True,False,False,,False,$25-100M,,True,True,False,False,False,False,John Doe 123,Managing Member,"John Doe 123, Jane Smith 123",,629035,False,,,2017-11-16,,False
0001234567-14-000124,2014-06-04,,False,Mrs. Doubtfire Broadway LP,IL,2014,Limited Liability Company,288 Broadway,,New York,PA,10281,212-555-6870,711110,Theatrical Production,3615597.48,1529649.67,2085947.81,False,42,1000000,True,False,True,,False,Over $100M,,True,False,False,False,False,False,John Doe 124,Managing Member,"John Doe 124, Jane Smith 124",,,False,76482.48,,2014-05-04,,True
0001234567-19-000125,2019-10-17,,True,Into the Woods Musical LLC,CA,2016,Limited Partnership,495 Broadway,Suite 516,New York,IL,10772,212-555-5451,711110,Theatrical Production,13498712.74,6809951.94,6688760.8,True,185,100000,True,True,True,,False,$1-5M,,True,True,False,False,False,False,John Doe 125,Managing Member,"John Doe 125, Jane Smith 125",,,False,,,2019-08-01,,True
0001234567-21-000126,2021-03-05,,False,Funny Girl Broadway LP,DE,2020,Limited Partnership,212 Broadway,Suite 897,New York,TX,10363,212-555-5515,711110,Theatrical Production,4215352.07,2497649.13,1717702.94,False,385,50000,False,False,False,,False,$1-5M,,False,False,False,False,False,False,John Doe 126,Managing Member,"John Doe 126, Jane Smith 126",,,True,,,2021-01-30,,True
0001234567-19-000127,2019-06-02,,False,Life of Pi Broadway LLC,CA,2016,Limited Partnership,607 Broadway,,New York,MA,10219,212-555-9904,711110,Theatrical Production,3675660.11,3264385.07,411275.04,False,161,50000,True,False,True,,False,$25-100M,,False,False,False,False,False,False,John Doe 127,Managing Member,"John Doe 127, Jane Smith 127",Broadway Capital Partners,680684,False,,,2019-03-27,,False
0001234567-21-000128,2021-05-27,,False,Life of Pi Broadway LLC,DE,2018,Limited Liability Company,436 Broadway,,New York,NY,10849,212-555-8775,711110,Theatrical Production,43935146.87,42239960.91,1695185.96,True,228,25000,True,False,True,,False,$1-5M,,True,False,False,False,False,False,John Doe 128,Managing Member,"John Doe 128, Jane Smith 128",,,False,,,2021-04-27,,False
0001234567-17-000129,2017-05-15,,False,Kinky Boots Broadway LLC,IL,2016,Corporation,647 Broadway,,New York,IL,10125,212-555-4660,711110,Theatrical Production,9164022.88,7342453.51,1821569.37,True,191,100000,True,False,False,,False,Over $100M,,True,True,False,False,False,False,John Doe 129,Managing Member,"John Doe 129, Jane Smith 129",,,False,367122.68,146849.07,2017-02-26,,False
0001234567-20-000130,2020-02-21,,True,Paradise Square Productions,NY,2017,Limited Partnership,307 Broadway,,New York,NY,10149,212-555-8775,711110,Theatrical Production,12829125.7,11549566.11,1279559.59,False,371,250000,False,False,False,,False,$5-25M,,False,True,False,False,False,False,John Doe 130,Managing Member,"John Doe 130, Jane Smith 130",,,False,,,2019-10-06,,True
0001234567-19-000131,2019-08-11,,True,Cabaret Revival LLC,NV,2018,Limited Partnership,996 Broadway,,New York,MA,10415,212-555-5576,711110,Theatrical Production,1766931.61,962094.36,804837.25,False,125,100000,False,False,False,,False,Over $100M,,True,True,False,False,False,False,John Doe 131,Managing Member,"John Doe 131, Jane Smith 131",,660237,False,,,2019-05-24,,False
0001234567-13-000132,2013-09-03,,False,Paradise Square Productions,NV,2011,Corporation,88 Broadway,,New York,IL,10145,212-555-1299,711110,Theatrical Production,887733.36,389731.47,498001.89,False,20,1000000,True,False,False,,False,$1-5M,,False,True,False,False,False,False,John Doe 132,Managing Member,"John Doe 132, Jane Smith 132",,392614,False,19486.57,,2013-07-14,,False
0001234567-22-000133,2022-11-22,,False,Into the Woods Musical LLC,CA,2020,Limited Partnership,603 Broadway,,New York,TX,10932,212-555-8752,711110,Theatrical Production,28735748.72,18233549.57,10502199.15,True,358,25000,True,False,True,,False,$25-100M,,False,True,False,False,False,False,John Doe 133,Managing Member,"John Doe 133, Jane Smith 133",Broadway Capital Partners,,False,,,2022-09-12,,False
0001234567-10-000134,2010-06-02,,False,Waitress Musical Productions,CT,2010,Limited Liability Company,252 Broadway,,New York,PA,10791,212-555-3884,711110,Theatrical Production,18421913.04,9959813.79,8462099.25,False,29,500000,True,False,True,,False,$1-5M,,True,False,False,False,False,False,John Doe 134,Managing Member,"John Doe 134, Jane Smith 134",,255234,False,497990.69,,2010-01-26,,False
0001234567-19-000135,2019-10-21,,False,Spring Awakening Productions,NY,2018,Limited Partnership,196 Broadway,Suite 1875,New York,CT,10372,212-555-7055,711110,Theatrical Production,38011464.76,29589548.73,8421916.03,False,51,100000,True,False,False,,False,$1-5M,,False,False,False,False,False,False,John Doe 135,Managing Member,"John Doe 135, Jane Smith 135",Broadway Capital Partners,448393,False,,,2019-09-08,,False
0001234567-13-000136,2013-09-17,,False,Book of Mormon LLC,NV,2011,Corporation,675 Broadway,Suite 1733,New York,MA,10876,212-555-4623,711110,Theatrical Production,2123605.68,1821887.26,301718.42,False,42,100000,True,False,False,,False,$1-5M,,True,False,False,False,False,False,John Doe 136,Managing Member,"John Doe 136, Jane Smith 136",Broadway Capital Partners,,True,,,2013-07-19,,False
0001234567-24-000137,2024-12-08,,False,Dear Evan Hansen LLC,NJ,2024,Limited Partnership,461 Broadway,,New York,NY,10004,212-555-7889,711110,Theatrical Production,4694000.26,2195186.33,2498813.93,False,72,250000,True,False,False,,False,Over $100M,,True,False,False,False,False,False,John Doe 137,Managing Member,"John Doe 137, Jane Smith 137",,851276,True,,43903.73,2024-10-13,,True
0001234567-23-000138,2023-01-17,,False,& Juliet Musical Productions,CT,2023,Limited Liability Company,218 Broadway,Suite 1123,New York,CA,10427,212-555-9691,711110,Theatrical Production,2307377.54,1729102.3,578275.24,False,305,50000,True,False,False,,False,$1-5M,,True,True,False,False,False,False,John Doe 138,Managing Member,"John Doe 138, Jane Smith 138",Broadway Capital Partners,,False,,,2022-09-01,,False
0001234567-18-000139,2018-06-10,,False,Book of Mormon LLC,NY,2016,Limited Partnership,911 Broadway,Suite 1866,New York,IL,10636,212-555-8885,711110,Theatrical Production,5713929.27,4421089.4,1292839.87,False,100,50000,False,False,True,,False,Over $100M,,False,False,False,False,False,False,John Doe 139,Managing Member,"John Doe 139, Jane Smith 139",,,False,,,2018-04-04,,True
0001234567-20-000140,2020-01-19,,True,Phantom of the Opera LLC,NY,2017,Corporation,551 Broadway,,New York,TX,10130,212-555-4409,711110,Theatrical Production,20568452.38,13396773.16,7171679.22,True,358,100000,False,False,False,,False,$5-25M,,True,True,False,False,False,False,John Doe 140,Managing Member,"John Doe 140, Jane Smith 140",Broadway Capital Partners,586922,False,669838.66,,2019-12-11,,False
0001234567-10-000141,2010-02-15,,True,Company Broadway Productions,NJ,2007,Limited Partnership,931 Broadway,,New York,MA,10219,212-555-1008,711110,Theatrical Production,70270541.88,54660830.47,15609711.41,False,78,500000,True,False,False,,False,$5-25M,,True,False,False,False,False,False,John Doe 141,Managing Member,"John Doe 141, Jane Smith 141",Broadway Capital Partners,,True,,,2009-10-20,,False
0001234567-17-000142,2017-01-25,,False,Ohio State Murders LLC,NV,2014,Corporation,50 Broadway,Suite 1928,New York,NY,10029,212-555-7773,711110,Theatrical Production,6507800.2,5106071.55,1401728.65,False,168,500000,False,False,True,,False,$25-100M,,True,True,False,False,False,False,John Doe 142,Managing Member,"John Doe 142, Jane Smith 142",,,False,255303.58,,2016-11-09,,False
0001234567-24-000143,2024-03-20,,True,& Juliet Musical Productions,CA,2024,Limited Partnership,408 Broadway,Suite 1203,New York,CA,10635,212-555-3684,711110,Theatrical Production,4957374.63,3969677.0,987697.63,False,303,25000,False,False,True,,False,$25-100M,,True,False,False,False,False,False,John Doe 143,Managing Member,"John Doe 143, Jane Smith 143",,,False,,79393.54,2023-12-06,,True
0001234567-18-000144,2018-04-11,,False,Almost Famous Broadway LLC,CT,2018,Corporation,238 Broadway,Suite 545,New York,PA,10582,212-555-8110,711110,Theatrical Production,2872274.58,2541111.78,331162.8,True,111,250000,True,False,False,,False,Over $100M,,True,False,False,False,False,False,John Doe 144,Managing Member,"John Doe 144, Jane Smith 144",,846078,False,,,2017-11-13,,False
0001234567-23-000145,2023-10-07,,False,Back to the Future Musical LLC,NV,2020,Corporation,270 Broadway,Suite 1903,New York,MA,10210,212-555-6886,711110,Theatrical Production,87449195.69,36260841.4,51188354.29,False,430,50000,True,False,False,,False,$5-25M,,True,True,False,False,False,False,John Doe 145,Managing Member,"John Doe 145, Jane Smith 145",,,False,,,2023-06-15,,False
0001234567-16-000146,2016-09-12,,False,Kimberly Akimbo LLC,IL,2013,Limited Partnership,832 Broadway,Suite 1581,New York,IL,10148,212-555-1330,711110,Theatrical Production,1443745.72,1015894.71,427851.01,False,72,100000,True,False,False,,False,$25-100M,,False,False,False,False,False,False,John Doe 146,Managing Member,"John Doe 146, Jane Smith 146",,,True,,,2016-07-06,,False
0001234567-12-000147,2012-02-01,,False,Hadestown Broadway LLC,NV,2012,Corporation,667 Broadway,Suite 1253,New York,NY,10410,212-555-7645,711110,Theatrical Production,2437549.22,1905852.26,531696.96,False,60,100000,True,False,False,,False,$1-5M,,True,False,False,False,False,False,John Doe 147,Managing Member,"John Doe 147, Jane Smith 147",Broadway Capital Partners,,True,95292.61,,2011-11-30,,True
0001234567-17-000148,2017-03-04,,True,Back to the Future Musical LLC,NV,2017,Limited Liability Company,250 Broadway,Suite 970,New York,TX,10635,212-555-9730,711110,Theatrical Production,6077035.08,2482117.78,3594917.3,False,153,100000,True,True,False,,False,$5-25M,,True,False,False,False,False,False,John Doe 148,Managing Member,"John Doe 148, Jane Smith 148",,319555,False,124105.89,,2016-11-04,,True
0001234567-17-000149,2017-08-22,,False,Lion King Theatrical LP,NY,2015,Limited Liability Company,835 Broadway,Suite 422,New York,CT,10194,212-555-5780,711110,Theatrical Production,2246608.73,1429201.48,817407.25,True,120,500000,True,False,False,,False,$1-5M,,True,False,False,False,False,False,John Doe 149,Managing Member,"John Doe 149, Jane Smith 149",Broadway Capital Partners,,False,,,2017-06-02,,True
0001234567-14-000150,2014-05-09,,False,Dear Evan Hansen LLC,DE,2013,Limited Liability Company,292 Broadway,,New York,MA,10734,212-555-3744,711110,Theatrical Production,4810105.75,2131034.72,2679071.03,False,47,100000,True,False,False,,False,$5-25M,,False,False,False,False,False,False,John Doe 150,Managing Member,"John Doe 150, Jane Smith 150",,,True,,,2014-02-05,,False
0001234567-24-000151,2024-01-11,,False,Dear Evan Hansen LLC,CT,2023,Limited Liability Company,782 Broadway,Suite 1142,New York,PA,10301,212-555-6074,711110,Theatrical Production,12574892.53,10883935.97,1690956.56,False,144,100000,False,True,False,,False,$1-5M,,False,False,False,False,False,False,John Doe 151,Managing Member,"John Doe 151, Jane Smith 151",,,True,,,2023-11-19,,True
0001234567-24-000152,2024-10-23,,False,Spring Awakening Productions,NV,2023,Limited Liability Company,378 Broadway,Suite 1669,New York,CT,10652,212-555-9327,711110,Theatrical Production,2919212.19,2614290.74,304921.45,True,337,50000,True,True,False,,False,$5-25M,,False,True,False,False,False,False,John Doe 152,Managing Member,"John Doe 152, Jane Smith 152",,,False,130714.54,,2024-09-11,,False
0001234567-11-000153,2011-05-29,,True,Hamilton Productions LLC,CA,2011,Limited Partnership,267 Broadway,,New York,CA,10263,212-555-7748,711110,Theatrical Production,18316857.34,11449411.56,6867445.78,False,89,100000,False,False,False,,False,$25-100M,,True,False,False,False,False,False,John Doe 153,Managing Member,"John Doe 153, Jane Smith 153",,,False,,,2010-12-22,,False
0001234567-24-000154,2024-04-17,,False,Aladdin Theatrical Productions,IL,2023,Limited Liability Company,711 Broadway,,New York,TX,10422,212-555-3107,711110,Theatrical Production,36511876.57,19619904.69,16891971.88,False,332,250000,True,False,False,,False,Over $100M,,True,True,False,False,False,False,John Doe 154,Managing Member,"John Doe 154, Jane Smith 154",Broadway Capital Partners,171104,False,,392398.09,2023-11-13,,True
0001234567-17-000155,2017-09-02,,False,Lion King Theatrical LP,NV,2014,Corporation,538 Broadway,,New York,CA,10473,212-555-1822,711110,Theatrical Production,17693802.65,12924070.52,4769732.13,False,137,250000,True,True,True,,False,$25-100M,,True,False,False,False,False,False,John Doe 155,Managing Member,"John Doe 155, Jane Smith 155",Broadway Capital Partners,,False,,,2017-03-16,,True
0001234567-21-000156,2021-06-27,,False,Aladdin Theatrical Productions,NJ,2021,Limited Liability Company,723 Broadway,Suite 1197,New York,TX,10561,212-555-2630,711110,Theatrical Production,2901867.55,2061449.42,840418.13,False,88,50000,True,False,False,,False,$1-5M,,False,False,False,False,False,False,John Doe 156,Managing Member,"John Doe 156, Jane Smith 156",Broadway Capital Partners,299395,False,,41228.99,2021-02-13,,True
0001234567-23-000157,2023-06-18,,False,Aladdin Theatrical Productions,CT,2021,Limited Liability Company,838 Broadway,,New York,NY,10051,212-555-5174,711110,Theatrical Production,10308597.82,5528339.89,4780257.93,False,159,100000,True,False,False,,False,$25-100M,,True,True,False,False,False,False,John Doe 157,Managing Member,"John Doe 157, Jane Smith 157",,,False,,,2023-01-29,,False
0001234567-12-000158,2012-12-15,,False,Phantom of the Opera LLC,IL,2010,Limited Liability Company,392 Broadway,Suite 366,New York,TX,10132,212-555-4456,711110,Theatrical Production,2647099.99,2335400.36,311699.63,False,31,100000,True,True,False,,False,$5-25M,,True,False,True,False,False,False,John Doe 158,Managing Member,"John Doe 158, Jane Smith 158",,,False,,,2012-08-10,,True
0001234567-10-000159,2010-05-02,,False,Spring Awakening Productions,CA,2010,Limited Partnership,300 Broadway,,New York,CA,10464,212-555-5834,711110,Theatrical Production,2770759.29,1694953.9,1075805.39,False,18,250000,False,False,True,,False,Over $100M,,True,False,False,False,False,False,John Doe 159,Managing Member,"John Doe 159, Jane Smith 159",,846779,False,,,2010-03-03,,True
0001234567-19-000160,2019-07-17,,False,Frozen Broadway LLC,NJ,2017,Limited Partnership,139 Broadway,Suite 977,New York,NJ,10103,212-555-6730,711110,Theatrical Production,5823857.38,5416742.54,407114.84,False,43,100000,True,False,True,,False,$1-5M,,True,False,False,False,False,False,John Doe 160,Managing Member,"John Doe 160, Jane Smith 160",,305449,False,,,2019-04-22,,True
0001234567-19-000161,2019-08-18,,False,Kimberly Akimbo LLC,IL,2016,Limited Liability Company,397 Broadway,,New York,NJ,10511,212-555-9808,711110,Theatrical Production,2954493.35,2560206.99,394286.36,True,190,100000,True,False,False,,False,$1-5M,,True,False,False,False,False,False,John Doe 161,Managing Member,"John Doe 161, Jane Smith 161",Broadway Capital Partners,,False,,,2019-06-27,,True
0001234567-12-000162,2012-10-30,,False,Life of Pi Broadway LLC,IL,2011,Corporation,3 Broadway,Suite 1838,New York,CA,10631,212-555-1536,711110,Theatrical Production,53626213.55,46986631.75,6639581.8,True,48,500000,True,False,False,,False,$5-25M,,False,False,False,False,False,False,John Doe 162,Managing Member,"John Doe 162, Jane Smith 162",,,False,,,2012-06-15,,True
0001234567-19-000163,2019-10-14,,False,Hamilton Productions LLC,NV,2018,Limited Partnership,590 Broadway,Suite 1730,New York,PA,10816,212-555-1562,711110,Theatrical Production,6360584.61,4943768.07,1416816.54,False,87,50000,True,True,True,,False,Over $100M,,False,False,True,False,False,False,John Doe 163,Managing Member,"John Doe 163, Jane Smith 163",Broadway Capital Partners,,True,247188.4,,2019-06-10,,True
0001234567-15-000164,2015-03-28,,False,Harry Potter and the Cursed Child LLC,NV,2013,Limited Partnership,727 Broadway,,New York,MA,10049,212-555-8680,711110,Theatrical Production,1825696.96,1665715.2,159981.76,False,187,500000,False,False,False,,False,$25-100M,,True,False,False,False,False,False,John Doe 164,Managing Member,"John Doe 164, Jane Smith 164",,,False,83285.76,33314.3,2014-11-29,,False
0001234567-10-000165,2010-11-09,,False,Frozen Broadway LLC,CA,2007,Limited Liability Company,10 Broadway,Suite 1386,New York,NY,10110,212-555-8930,711110,Theatrical Production,11815807.48,5949242.56,5866564.92,True,28,1000000,True,False,False,,False,$1-5M,,True,False,False,False,False,False,John Doe 165,Managing Member,"John Doe 165, Jane Smith 165",,,True,,,2010-06-22,,False
0001234567-15-000166,2015-08-14,,False,Mrs. Doubtfire Broadway LP,NJ,2015,Limited Partnership,393 Broadway,Suite 1421,New York,CT,10482,212-555-9505,711110,Theatrical Production,1960748.59,1841684.03,119064.56,False,112,500000,True,False,False,,False,Over $100M,,False,False,False,False,False,False,John Doe 166,Managing Member,"John Doe 166, Jane Smith 166",,642073,False,92084.2,,2015-03-30,,False
0001234567-11-000167,2011-12-09,,False,Music Man Productions LLC,NV,2008,Limited Partnership,25 Broadway,,New York,TX,10904,212-555-1972,711110,Theatrical Production,10264981.42,7316725.18,2948256.24,False,66,1000000,True,False,True,,False,$25-100M,,True,False,False,False,False,False,John Doe 167,Managing Member,"John Doe 167, Jane Smith 167",,379431,True,,,2011-09-05,,True
0001234567-10-000168,2010-11-27,,False,Chicago Musical Productions,NY,2009,Corporation,176 Broadway,,New York,PA,10598,212-555-4081,711110,Theatrical Production,6907402.73,4165463.39,2741939.34,False,20,1000000,True,False,True,,False,$25-100M,,True,False,False,False,False,False,John Doe 168,Managing Member,"John Doe 168, Jane Smith 168",,930622,False,,,2010-10-20,,False
0001234567-15-000169,2015-10-16,,False,Chicago Musical Productions,IL,2013,Limited Liability Company,115 Broadway,Suite 1482,New York,IL,10965,212-555-2108,711110,Theatrical Production,11660366.02,7111192.27,4549173.75,False,41,500000,True,False,False,,False,Over $100M,,True,True,False,False,False,False,John Doe 169,Managing Member,"John Doe 169, Jane Smith 169",Broadway Capital Partners,,False,355559.61,,2015-09-12,,False
0001234567-21-000170,2021-04-24,,False,Funny Girl Broadway LP,CT,2020,Limited Partnership,558 Broadway,Suite 469,New York,MA,10043,212-555-5995,711110,Theatrical Production,2730380.06,2667595.78,62784.28,False,448,50000,False,False,False,,False,$5-25M,,True,False,False,False,False,False,John Doe 170,Managing Member,"John Doe 170, Jane Smith 170",,,False,,,2021-03-19,,False
0001234567-13-000171,2013-09-12,,False,Almost Famous Broadway LLC,CA,2011,Corporation,821 Broadway,Suite 1446,New York,CT,10266,212-555-3914,711110,Theatrical Production,762941.8,503534.72,259407.08,True,27,1000000,False,False,False,,False,Over $100M,,True,False,False,False,False,False,John Doe 171,Managing Member,"John Doe 171, Jane Smith 171",,,False,25176.74,,2013-03-21,,False
0001234567-13-000172,2013-06-04,,False,Mrs. Doubtfire Broadway LP,CT,2011,Corporation,378 Broadway,Suite 423,New York,NJ,10052,212-555-5407,711110,Theatrical Production,6239700.07,5848192.77,391507.3,False,100,100000,True,False,True,,False,$1-5M,,False,True,False,False,False,False,John Doe 172,Managing Member,"John Doe 172, Jane Smith 172",Broadway Capital Partners,,False,,,2013-04-21,,False
0001234567-16-000173,2016-01-02,,False,Cabaret Revival LLC,NY,2014,Limited Liability Company,700 Broadway,,New York,TX,10927,212-555-8647,711110,Theatrical Production,16080342.21,15512690.7,567651.51,False,86,250000,False,False,False,,False,$25-100M,,True,False,False,False,False,False,John Doe 173,Managing Member,"John Doe 173, Jane Smith 173",Broadway Capital Partners,,False,,,2015-11-01,,False
0001234567-22-000174,2022-09-26,,False,Lion King Theatrical LP,CA,2020,Limited Liability Company,713 Broadway,,New York,NY,10044,212-555-4073,711110,Theatrical Production,12469709.69,6506152.41,5963557.28,False,467,50000,True,False,False,,False,Over $100M,,True,False,False,False,False,False,John Doe 174,Managing Member,"John Doe 174, Jane Smith 174",,888037,False,,,2022-04-02,,True
0001234567-11-000175,2011-12-20,,False,Anastasia Broadway LLC,NJ,2009,Limited Partnership,644 Broadway,Suite 1049,New York,CT,10593,212-555-1539,711110,Theatrical Production,2120416.33,1180237.97,940178.36,False,93,100000,False,False,False,,False,$25-100M,,True,False,False,False,False,False,John Doe 175,Managing Member,"John Doe 175, Jane Smith 175",,582865,True,,,2011-11-14,,True
0001234567-23-000176,2023-08-21,,True,MJ the Musical Productions,NJ,2023,Limited Liability Company,166 Broadway,,New York,CT,10286,212-555-2277,711110,Theatrical Production,14929503.33,11409549.2,3519954.13,True,77,25000,True,False,False,,False,Over $100M,,True,True,False,False,False,False,John Doe 176,Managing Member,"John Doe 176, Jane Smith 176",Broadway Capital Partners,315384,False,570477.46,,2023-06-11,,False
0001234567-12-000177,2012-06-20,,False,Kimberly Akimbo LLC,CA,2012,Limited Liability Company,632 Broadway,,New York,CA,10143,212-555-4272,711110,Theatrical Production,7088504.79,2845698.12,4242806.67,True,46,500000,False,True,True,,False,$1-5M,,True,False,False,False,False,False,John Doe 177,Managing Member,"John Doe 177, Jane Smith 177",,,True,,,2012-04-26,,False
0001234567-23-000178,2023-11-01,,False,Jersey Boys Productions,NY,2020,Limited Partnership,400 Broadway,Suite 343,New York,TX,10349,212-555-4205,711110,Theatrical Production,7628540.66,6679539.91,949000.75,False,268,100000,False,True,False,,False,$25-100M,,False,True,False,False,False,False,John Doe 178,Managing Member,"John Doe 178, Jane Smith 178",,,False,,,2023-06-17,,True
0001234567-23-000179,2023-02-15,,False,Les Misérables Broadway Productions,CA,2023,Corporation,545 Broadway,,New York,IL,10930,212-555-4373,711110,Theatrical Production,13379771.8,13341024.44,38747.36,False,95,50000,False,True,True,,False,$1-5M,,False,False,False,False,False,False,John Doe 179,Managing Member,"John Doe 179, Jane Smith 179",,798922,False,,,2022-11-08,,True
0001234567-18-000180,2018-04-26,,False,Kimberly Akimbo LLC,NV,2016,Corporation,411 Broadway,Suite 1503,New York,NJ,10000,212-555-7153,711110,Theatrical Production,16423209.56,11977676.64,4445532.92,False,79,250000,True,False,False,,False,Over $100M,,False,False,False,False,False,False,John Doe 180,Managing Member,"John Doe 180, Jane Smith 180",,513713,False,,,2018-01-08,,True
0001234567-12-000181,2012-01-17,,False,Sweeney Todd Productions,CT,2010,Limited Liability Company,594 Broadway,Suite 1017,New York,MA,10695,212-555-2278,711110,Theatrical Production,5219013.22,4065052.94,1153960.28,False,83,1000000,True,False,True,,False,Over $100M,,False,False,False,False,False,False,John Doe 181,Managing Member,"John Doe 181, Jane Smith 181",,569225,False,,,2011-09-28,,True
0001234567-16-000182,2016-07-13,,False,Almost Famous Broadway LLC,NV,2015,Limited Liability Company,400 Broadway,,New York,CA,10999,212-555-3628,711110,Theatrical Production,34220667.07,25337193.82,8883473.25,False,69,100000,False,True,False,,False,$25-100M,,False,False,False,False,False,False,John Doe 182,Managing Member,"John Doe 182, Jane Smith 182",,723038,False,,,2016-02-22,,False
0001234567-13-000183,2013-06-19,,False,Hadestown Broadway LLC,CA,2010,Limited Liability Company,814 Broadway,Suite 1425,New York,CT,10703,212-555-4375,711110,Theatrical Production,1197929.82,878718.6,319211.22,False,50,250000,True,False,True,,False,Over $100M,,True,False,False,False,False,False,John Doe 183,Managing Member,"John Doe 183, Jane Smith 183",Broadway Capital Partners,,False,,,2013-01-27,,False
0001234567-21-000184,2021-11-12,,True,Kinky Boots Broadway LLC,DE,2018,Limited Liability Company,539 Broadway,Suite 1866,New York,NJ,10845,212-555-8095,711110,Theatrical Production,8754640.07,4688568.98,4066071.09,True,455,50000,True,False,False,,False,Over $100M,,False,False,False,False,False,False,John Doe 184,Managing Member,"John Doe 184, Jane Smith 184",,757119,False,,,2021-05-18,,True
0001234567-11-000185,2011-05-01,,False,Almost Famous Broadway LLC,DE,2009,Limited Liability Company,514 Broadway,,New York,CT,10108,212-555-2180,711110,Theatrical Production,9708343.55,6175885.26,3532458.29,False,66,100000,True,False,False,,False,Over $100M,,True,False,False,False,False,False,John Doe 185,Managing Member,"John Doe 185, Jane Smith 185",,205475,False,308794.26,,2011-01-16,,True
0001234567-14-000186,2014-12-19,,False,Ohio State Murders LLC,NY,2011,Corporation,802 Broadway,,New York,NY,10275,212-555-3405,711110,Theatrical Production,5248540.23,4843458.97,405081.26,False,99,100000,True,False,True,,False,Over $100M,,True,False,False,False,False,False,John Doe 186,Managing Member,"John Doe 186, Jane Smith 186",Broadway Capital Partners,285239,True,,,2014-10-23,,True
0001234567-15-000187,2015-06-01,,False,Les Misérables Broadway Productions,NJ,2014,Corporation,893 Broadway,Suite 1255,New York,NJ,10180,212-555-5786,711110,Theatrical Production,1569709.27,1159308.24,410401.03,False,124,50000,False,False,False,,False,$1-5M,,True,False,False,False,False,False,John Doe 187,Managing Member,"John Doe 187, Jane Smith 187",Broadway Capital Partners,,False,,,2014-12-18,,False
0001234567-18-000188,2018-03-03,,True,Aladdin Theatrical Productions,CT,2016,Limited Liability Company,28 Broadway,,New York,IL,10844,212-555-4758,711110,Theatrical Production,16226854.35,10843134.02,5383720.33,False,60,250000,False,True,True,,False,$1-5M,,True,False,False,False,False,False,John Doe 188,Managing Member,"John Doe 188, Jane Smith 188",,662464,False,,,2017-11-03,,False
0001234567-15-000189,2015-09-12,,False,Music Man Productions LLC,NJ,2013,Limited Liability Company,715 Broadway,,New York,MA,10673,212-555-3292,711110,Theatrical Production,5141225.38,3259133.17,1882092.21,False,124,100000,True,False,True,,False,Over $100M,,False,True,False,False,False,False,John Doe 189,Managing Member,"John Doe 189, Jane Smith 189",Broadway Capital Partners,185368,False,162956.66,,2015-08-02,,True
0001234567-20-000190,2020-12-24,,False,Paradise Square Productions,CA,2017,Corporation,145 Broadway,,New York,CA,10863,212-555-6065,711110,Theatrical Production,23833386.03,19806924.49,4026461.54,False,184,100000,True,False,True,,False,$5-25M,,True,False,False,False,False,False,John Doe 190,Managing Member,"John Doe 190, Jane Smith 190",,,False,,,2020-09-03,,False
0001234567-22-000191,2022-07-11,,False,Hadestown Broadway LLC,DE,2022,Limited Partnership,570 Broadway,,New York,CA,10439,212-555-9480,711110,Theatrical Production,27878022.94,12324354.12,15553668.82,False,271,100000,True,False,False,,False,$5-25M,,False,True,False,False,False,False,John Doe 191,Managing Member,"John Doe 191, Jane Smith 191",,,False,616217.71,246487.08,2022-03-06,,False
0001234567-12-000192,2012-05-17,,False,MJ the Musical Productions,NV,2012,Corporation,307 Broadway,,New York,PA,10485,212-555-8642,711110,Theatrical Production,4764927.72,3096738.86,1668188.86,True,91,250000,True,True,False,,False,$25-100M,,True,False,False,False,False,False,John Doe 192,Managing Member,"John Doe 192, Jane Smith 192",Broadway Capital Partners,,False,,,2011-12-15,,True
0001234567-21-000193,2021-03-31,,False,Les Misérables Broadway Productions,NY,2019,Limited Partnership,674 Broadway,Suite 1823,New York,MA,10739,212-555-4318,711110,Theatrical Production,12519671.88,5120083.46,7399588.42,False,336,100000,True,False,False,,False,$1-5M,,False,False,False,False,False,False,John Doe 193,Managing Member,"John Doe 193, Jane Smith 193",,474444,False,256004.17,,2021-02-20,,False
0001234567-12-000194,2012-07-08,,False,Frozen Broadway LLC,NY,2011,Limited Liability Company,25 Broadway,Suite 1410,New York,NJ,10237,212-555-6442,711110,Theatrical Production,2051844.87,1182627.62,869217.25,False,72,100000,True,False,False,,False,Over $100M,,True,False,False,False,False,False,John Doe 194,Managing Member,"John Doe 194, Jane Smith 194",Broadway Capital Partners,456805,False,,23652.55,2012-04-03,,True
0001234567-23-000195,2023-09-14,,True,Jersey Boys Productions,IL,2022,Corporation,884 Broadway,Suite 231,New York,IL,10119,212-555-5923,711110,Theatrical Production,7197766.84,6416454.49,781312.35,True,366,50000,True,False,False,,False,$5-25M,,True,True,True,False,False,False,John Doe 195,Managing Member,"John Doe 195, Jane Smith 195",,,True,,,2023-04-27,,False
0001234567-10-000196,2010-05-01,,False,A Strange Loop LLC,DE,2007,Corporation,670 Broadway,,New York,NY,10700,212-555-1677,711110,Theatrical Production,9664431.61,6674521.69,2989909.92,False,63,250000,True,False,False,,False,$5-25M,,True,False,False,False,False,False,John Doe 196,Managing Member,"John Doe 196, Jane Smith 196",,981468,False,,133490.43,2009-11-20,,True
0001234567-13-000197,2013-07-01,,False,Chicago Musical Productions,IL,2013,Limited Liability Company,812 Broadway,Suite 387,New York,MA,10649,212-555-4578,711110,Theatrical Production,4341031.04,4099092.05,241938.99,False,42,250000,True,False,False,,False,$1-5M,,True,False,False,False,False,False,John Doe 197,Managing Member,"John Doe 197, Jane Smith 197",,,True,,,2013-04-04,,False
0001234567-23-000198,2023-06-09,,False,A Strange Loop LLC,CA,2021,Corporation,641 Broadway,,New York,NJ,10480,212-555-1877,711110,Theatrical Production,4914750.97,4854773.56,59977.41,True,165,25000,False,False,False,,False,$1-5M,,False,False,False,False,False,False,John Doe 198,Managing Member,"John Doe 198, Jane Smith 198",,,True,,,2023-01-22,,True
0001234567-20-000199,2020-04-05,,False,Jersey Boys Productions,CT,2020,Limited Partnership,676 Broadway,,New York,IL,10102,212-555-3486,711110,Theatrical Production,3641865.68,3625271.09,16594.59,True,184,50000,False,False,True,,False,$1-5M,,True,False,True,False,False,False,John Doe 199,Managing Member,"John Doe 199, Jane Smith 199",,121450,False,181263.55,,2019-10-11,,True
